Name	Brand	Type	Pre Repair
OPPO A94	Oppo	Mobile	Network|Wifi|Camera|Charging|BLE|Light|Buttons|Touch|Display|Ear Speaker|Speaker|Mic
OPPO A94(5)	Oppo	Mobile	Network|Wifi|Camera|Charging|BLE|Light|Buttons|Touch|Display|Ear Speaker|Speaker|Mic
OPPO A74	Oppo	Mobile	Network|Wifi|Camera|Charging|BLE|Light|Buttons|Touch|Display|Ear Speaker|Speaker|Mic
OPPO A74(5G)	Oppo	Mobile	Network|Wifi|Camera|Charging|BLE|Light|Buttons|Touch|Display|Ear Speaker|Speaker|Mic
OPPO K3	Oppo	Mobile	Network|Wifi|Camera|Charging|BLE|Light|Buttons|Touch|Display|Ear Speaker|Speaker|Mic
OPPO K5	Oppo	Mobile	Network|Wifi|Camera|Charging|BLE|Light|Buttons|Touch|Display|Ear Speaker|Speaker|Mic
OPPO K7	Oppo	Mobile	Network|Wifi|Camera|Charging|BLE|Light|Buttons|Touch|Display|Ear Speaker|Speaker|Mic
OPPO K7X	Oppo	Mobile	Network|Wifi|Camera|Charging|BLE|Light|Buttons|Touch|Display|Ear Speaker|Speaker|Mic
OPPO K9	Oppo	Mobile	Network|Wifi|Camera|Charging|BLE|Light|Buttons|Touch|Display|Ear Speaker|Speaker|Mic
OPPO A3	Oppo	Mobile	Network|Wifi|Camera|Charging|BLE|Light|Buttons|Touch|Display|Ear Speaker|Speaker|Mic
OPPO A11	Oppo	Mobile	Network|Wifi|Camera|Charging|BLE|Light|Buttons|Touch|Display|Ear Speaker|Speaker|Mic
OPPO A11X	Oppo	Mobile	Network|Wifi|Camera|Charging|BLE|Light|Buttons|Touch|Display|Ear Speaker|Speaker|Mic
OPPO A12	Oppo	Mobile	Network|Wifi|Camera|Charging|BLE|Light|Buttons|Touch|Display|Ear Speaker|Speaker|Mic
OPPO A12E	Oppo	Mobile	Network|Wifi|Camera|Charging|BLE|Light|Buttons|Touch|Display|Ear Speaker|Speaker|Mic
OPPO A12S	Oppo	Mobile	Network|Wifi|Camera|Charging|BLE|Light|Buttons|Touch|Display|Ear Speaker|Speaker|Mic
OPPO A15/A15S	Oppo	Mobile	Network|Wifi|Camera|Charging|BLE|Light|Buttons|Touch|Display|Ear Speaker|Speaker|Mic
OPPO A3S	Oppo	Mobile	Network|Wifi|Camera|Charging|BLE|Light|Buttons|Touch|Display|Ear Speaker|Speaker|Mic
OPPO A31 NEW	Oppo	Mobile	Network|Wifi|Camera|Charging|BLE|Light|Buttons|Touch|Display|Ear Speaker|Speaker|Mic
OPPO A32 NEW	Oppo	Mobile	Network|Wifi|Camera|Charging|BLE|Light|Buttons|Touch|Display|Ear Speaker|Speaker|Mic
OPPO A33 NEW	Oppo	Mobile	Network|Wifi|Camera|Charging|BLE|Light|Buttons|Touch|Display|Ear Speaker|Speaker|Mic
OPPO A35/2021	Oppo	Mobile	Network|Wifi|Camera|Charging|BLE|Light|Buttons|Touch|Display|Ear Speaker|Speaker|Mic
OPPO A36 2021	Oppo	Mobile	Network|Wifi|Camera|Charging|BLE|Light|Buttons|Touch|Display|Ear Speaker|Speaker|Mic
OPPO A91	Oppo	Mobile	Network|Wifi|Camera|Charging|BLE|Light|Buttons|Touch|Display|Ear Speaker|Speaker|Mic
OPPO A5	Oppo	Mobile	Network|Wifi|Camera|Charging|BLE|Light|Buttons|Touch|Display|Ear Speaker|Speaker|Mic
OPPO A52	Oppo	Mobile	Network|Wifi|Camera|Charging|BLE|Light|Buttons|Touch|Display|Ear Speaker|Speaker|Mic
OPPO A53	Oppo	Mobile	Network|Wifi|Camera|Charging|BLE|Light|Buttons|Touch|Display|Ear Speaker|Speaker|Mic
OPPO A53/5G	Oppo	Mobile	Network|Wifi|Camera|Charging|BLE|Light|Buttons|Touch|Display|Ear Speaker|Speaker|Mic
OPPO A53S	Oppo	Mobile	Network|Wifi|Camera|Charging|BLE|Light|Buttons|Touch|Display|Ear Speaker|Speaker|Mic
OPPO A54	Oppo	Mobile	Network|Wifi|Camera|Charging|BLE|Light|Buttons|Touch|Display|Ear Speaker|Speaker|Mic
OPPO A54(5G)	Oppo	Mobile	Network|Wifi|Camera|Charging|BLE|Light|Buttons|Touch|Display|Ear Speaker|Speaker|Mic
OPPO A54S 	Oppo	Mobile	Network|Wifi|Camera|Charging|BLE|Light|Buttons|Touch|Display|Ear Speaker|Speaker|Mic
OPPO A72	Oppo	Mobile	Network|Wifi|Camera|Charging|BLE|Light|Buttons|Touch|Display|Ear Speaker|Speaker|Mic
OPPO A72/5G	Oppo	Mobile	Network|Wifi|Camera|Charging|BLE|Light|Buttons|Touch|Display|Ear Speaker|Speaker|Mic
OPPO A73	Oppo	Mobile	Network|Wifi|Camera|Charging|BLE|Light|Buttons|Touch|Display|Ear Speaker|Speaker|Mic
OPPO A73/5G	Oppo	Mobile	Network|Wifi|Camera|Charging|BLE|Light|Buttons|Touch|Display|Ear Speaker|Speaker|Mic
OPPO A74/5G	Oppo	Mobile	Network|Wifi|Camera|Charging|BLE|Light|Buttons|Touch|Display|Ear Speaker|Speaker|Mic
OPPO A76	Oppo	Mobile	Network|Wifi|Camera|Charging|BLE|Light|Buttons|Touch|Display|Ear Speaker|Speaker|Mic
OPPO A92	Oppo	Mobile	Network|Wifi|Camera|Charging|BLE|Light|Buttons|Touch|Display|Ear Speaker|Speaker|Mic
OPPO A92S	Oppo	Mobile	Network|Wifi|Camera|Charging|BLE|Light|Buttons|Touch|Display|Ear Speaker|Speaker|Mic
OPPO A93	Oppo	Mobile	Network|Wifi|Camera|Charging|BLE|Light|Buttons|Touch|Display|Ear Speaker|Speaker|Mic
OPPO A96	Oppo	Mobile	Network|Wifi|Camera|Charging|BLE|Light|Buttons|Touch|Display|Ear Speaker|Speaker|Mic
OPPO A5S	Oppo	Mobile	Network|Wifi|Camera|Charging|BLE|Light|Buttons|Touch|Display|Ear Speaker|Speaker|Mic
OPPO AX5S	Oppo	Mobile	Network|Wifi|Camera|Charging|BLE|Light|Buttons|Touch|Display|Ear Speaker|Speaker|Mic
OPPO A55	Oppo	Mobile	Network|Wifi|Camera|Charging|BLE|Light|Buttons|Touch|Display|Ear Speaker|Speaker|Mic
OPPO A55 5G	Oppo	Mobile	Network|Wifi|Camera|Charging|BLE|Light|Buttons|Touch|Display|Ear Speaker|Speaker|Mic
OPPO AX5	Oppo	Mobile	Network|Wifi|Camera|Charging|BLE|Light|Buttons|Touch|Display|Ear Speaker|Speaker|Mic
OPPO A7	Oppo	Mobile	Network|Wifi|Camera|Charging|BLE|Light|Buttons|Touch|Display|Ear Speaker|Speaker|Mic
OPPO A7X	Oppo	Mobile	Network|Wifi|Camera|Charging|BLE|Light|Buttons|Touch|Display|Ear Speaker|Speaker|Mic
OPPO A7N	Oppo	Mobile	Network|Wifi|Camera|Charging|BLE|Light|Buttons|Touch|Display|Ear Speaker|Speaker|Mic
OPPO A8	Oppo	Mobile	Network|Wifi|Camera|Charging|BLE|Light|Buttons|Touch|Display|Ear Speaker|Speaker|Mic
OPPO A9	Oppo	Mobile	Network|Wifi|Camera|Charging|BLE|Light|Buttons|Touch|Display|Ear Speaker|Speaker|Mic
OPPO A9X	Oppo	Mobile	Network|Wifi|Camera|Charging|BLE|Light|Buttons|Touch|Display|Ear Speaker|Speaker|Mic
OPPO R19	Oppo	Mobile	Network|Wifi|Camera|Charging|BLE|Light|Buttons|Touch|Display|Ear Speaker|Speaker|Mic
OPPO F7	Oppo	Mobile	Network|Wifi|Camera|Charging|BLE|Light|Buttons|Touch|Display|Ear Speaker|Speaker|Mic
OPPO F9	Oppo	Mobile	Network|Wifi|Camera|Charging|BLE|Light|Buttons|Touch|Display|Ear Speaker|Speaker|Mic
OPPO F9PRO	Oppo	Mobile	Network|Wifi|Camera|Charging|BLE|Light|Buttons|Touch|Display|Ear Speaker|Speaker|Mic
OPPO F11	Oppo	Mobile	Network|Wifi|Camera|Charging|BLE|Light|Buttons|Touch|Display|Ear Speaker|Speaker|Mic
OPPO F11PRO	Oppo	Mobile	Network|Wifi|Camera|Charging|BLE|Light|Buttons|Touch|Display|Ear Speaker|Speaker|Mic
OPPO F19	Oppo	Mobile	Network|Wifi|Camera|Charging|BLE|Light|Buttons|Touch|Display|Ear Speaker|Speaker|Mic
OPPO F17PRO	Oppo	Mobile	Network|Wifi|Camera|Charging|BLE|Light|Buttons|Touch|Display|Ear Speaker|Speaker|Mic
OPPO F19 PRO	Oppo	Mobile	Network|Wifi|Camera|Charging|BLE|Light|Buttons|Touch|Display|Ear Speaker|Speaker|Mic
OPPO F19 PRO+	Oppo	Mobile	Network|Wifi|Camera|Charging|BLE|Light|Buttons|Touch|Display|Ear Speaker|Speaker|Mic
OPPO A95(5G)	Oppo	Mobile	Network|Wifi|Camera|Charging|BLE|Light|Buttons|Touch|Display|Ear Speaker|Speaker|Mic
OPPO RENO Z	Oppo	Mobile	Network|Wifi|Camera|Charging|BLE|Light|Buttons|Touch|Display|Ear Speaker|Speaker|Mic
OPPO RENO A	Oppo	Mobile	Network|Wifi|Camera|Charging|BLE|Light|Buttons|Touch|Display|Ear Speaker|Speaker|Mic
OPPO RENO ACE	Oppo	Mobile	Network|Wifi|Camera|Charging|BLE|Light|Buttons|Touch|Display|Ear Speaker|Speaker|Mic
OPPO RENO 2	Oppo	Mobile	Network|Wifi|Camera|Charging|BLE|Light|Buttons|Touch|Display|Ear Speaker|Speaker|Mic
OPPO RENO 2Z	Oppo	Mobile	Network|Wifi|Camera|Charging|BLE|Light|Buttons|Touch|Display|Ear Speaker|Speaker|Mic
OPPO RENO 2F	Oppo	Mobile	Network|Wifi|Camera|Charging|BLE|Light|Buttons|Touch|Display|Ear Speaker|Speaker|Mic
OPPO RENO 3	Oppo	Mobile	Network|Wifi|Camera|Charging|BLE|Light|Buttons|Touch|Display|Ear Speaker|Speaker|Mic
OPPO RENO 3PRO 印度	Oppo	Mobile	Network|Wifi|Camera|Charging|BLE|Light|Buttons|Touch|Display|Ear Speaker|Speaker|Mic
OPPO RENO 4/5G	Oppo	Mobile	Network|Wifi|Camera|Charging|BLE|Light|Buttons|Touch|Display|Ear Speaker|Speaker|Mic
OPPO RENO 4F	Oppo	Mobile	Network|Wifi|Camera|Charging|BLE|Light|Buttons|Touch|Display|Ear Speaker|Speaker|Mic
OPPO RENO 4Z/5G	Oppo	Mobile	Network|Wifi|Camera|Charging|BLE|Light|Buttons|Touch|Display|Ear Speaker|Speaker|Mic
OPPO RENO 4 SE	Oppo	Mobile	Network|Wifi|Camera|Charging|BLE|Light|Buttons|Touch|Display|Ear Speaker|Speaker|Mic
OPPO RENO 4 LITE	Oppo	Mobile	Network|Wifi|Camera|Charging|BLE|Light|Buttons|Touch|Display|Ear Speaker|Speaker|Mic
OPPO RENO 5/4G	Oppo	Mobile	Network|Wifi|Camera|Charging|BLE|Light|Buttons|Touch|Display|Ear Speaker|Speaker|Mic
OPPO RENO 5/5G	Oppo	Mobile	Network|Wifi|Camera|Charging|BLE|Light|Buttons|Touch|Display|Ear Speaker|Speaker|Mic
OPPO RENO 5K	Oppo	Mobile	Network|Wifi|Camera|Charging|BLE|Light|Buttons|Touch|Display|Ear Speaker|Speaker|Mic
OPPO RENO 5F	Oppo	Mobile	Network|Wifi|Camera|Charging|BLE|Light|Buttons|Touch|Display|Ear Speaker|Speaker|Mic
OPPO RENO 5Z	Oppo	Mobile	Network|Wifi|Camera|Charging|BLE|Light|Buttons|Touch|Display|Ear Speaker|Speaker|Mic
OPPO RENO 5 Lite	Oppo	Mobile	Network|Wifi|Camera|Charging|BLE|Light|Buttons|Touch|Display|Ear Speaker|Speaker|Mic
OPPO RENO 6	Oppo	Mobile	Network|Wifi|Camera|Charging|BLE|Light|Buttons|Touch|Display|Ear Speaker|Speaker|Mic
OPPO RENO 6(5G)	Oppo	Mobile	Network|Wifi|Camera|Charging|BLE|Light|Buttons|Touch|Display|Ear Speaker|Speaker|Mic
OPPO RENO 6z	Oppo	Mobile	Network|Wifi|Camera|Charging|BLE|Light|Buttons|Touch|Display|Ear Speaker|Speaker|Mic
OPPO RENO 7	Oppo	Mobile	Network|Wifi|Camera|Charging|BLE|Light|Buttons|Touch|Display|Ear Speaker|Speaker|Mic
OPPO RENO 7SE	Oppo	Mobile	Network|Wifi|Camera|Charging|BLE|Light|Buttons|Touch|Display|Ear Speaker|Speaker|Mic
OPPO IQOO	Oppo	Mobile	Network|Wifi|Camera|Charging|BLE|Light|Buttons|Touch|Display|Ear Speaker|Speaker|Mic
OPPO IQOO 3	Oppo	Mobile	Network|Wifi|Camera|Charging|BLE|Light|Buttons|Touch|Display|Ear Speaker|Speaker|Mic
OPPO IQOO Z1	Oppo	Mobile	Network|Wifi|Camera|Charging|BLE|Light|Buttons|Touch|Display|Ear Speaker|Speaker|Mic
OPPO IQOO NEO	Oppo	Mobile	Network|Wifi|Camera|Charging|BLE|Light|Buttons|Touch|Display|Ear Speaker|Speaker|Mic
OPPO IQOO NEO 3/5G	Oppo	Mobile	Network|Wifi|Camera|Charging|BLE|Light|Buttons|Touch|Display|Ear Speaker|Speaker|Mic
OPPO IQOO 5	Oppo	Mobile	Network|Wifi|Camera|Charging|BLE|Light|Buttons|Touch|Display|Ear Speaker|Speaker|Mic
OPPO IQOO NEO 5	Oppo	Mobile	Network|Wifi|Camera|Charging|BLE|Light|Buttons|Touch|Display|Ear Speaker|Speaker|Mic
OPPO IQOO PRO	Oppo	Mobile	Network|Wifi|Camera|Charging|BLE|Light|Buttons|Touch|Display|Ear Speaker|Speaker|Mic
OPPO REALME Q	Realme	Mobile	Network|Wifi|Camera|Charging|BLE|Light|Buttons|Touch|Display|Ear Speaker|Speaker|Mic
OPPO REALME U1	Realme	Mobile	Network|Wifi|Camera|Charging|BLE|Light|Buttons|Touch|Display|Ear Speaker|Speaker|Mic
OPPO REALME GT	Realme	Mobile	Network|Wifi|Camera|Charging|BLE|Light|Buttons|Touch|Display|Ear Speaker|Speaker|Mic
OPPO REALME GT NEO	Realme	Mobile	Network|Wifi|Camera|Charging|BLE|Light|Buttons|Touch|Display|Ear Speaker|Speaker|Mic
OPPO REALME Q3(5G)	Realme	Mobile	Network|Wifi|Camera|Charging|BLE|Light|Buttons|Touch|Display|Ear Speaker|Speaker|Mic
OPPO REALME Q3i(5G)	Realme	Mobile	Network|Wifi|Camera|Charging|BLE|Light|Buttons|Touch|Display|Ear Speaker|Speaker|Mic
OPPO REALME Q2I	Realme	Mobile	Network|Wifi|Camera|Charging|BLE|Light|Buttons|Touch|Display|Ear Speaker|Speaker|Mic
OPPO REALME Q2PRO	Realme	Mobile	Network|Wifi|Camera|Charging|BLE|Light|Buttons|Touch|Display|Ear Speaker|Speaker|Mic
OPPO REALME X	Realme	Mobile	Network|Wifi|Camera|Charging|BLE|Light|Buttons|Touch|Display|Ear Speaker|Speaker|Mic
OPPO REALME X LITE	Realme	Mobile	Network|Wifi|Camera|Charging|BLE|Light|Buttons|Touch|Display|Ear Speaker|Speaker|Mic
OPPO REALME 2	Realme	Mobile	Network|Wifi|Camera|Charging|BLE|Light|Buttons|Touch|Display|Ear Speaker|Speaker|Mic
OPPO REALME 2PRO	Realme	Mobile	Network|Wifi|Camera|Charging|BLE|Light|Buttons|Touch|Display|Ear Speaker|Speaker|Mic
OPPO REALME 3	Realme	Mobile	Network|Wifi|Camera|Charging|BLE|Light|Buttons|Touch|Display|Ear Speaker|Speaker|Mic
OPPO REALME 3I	Realme	Mobile	Network|Wifi|Camera|Charging|BLE|Light|Buttons|Touch|Display|Ear Speaker|Speaker|Mic
OPPO REALME 3PRO	Realme	Mobile	Network|Wifi|Camera|Charging|BLE|Light|Buttons|Touch|Display|Ear Speaker|Speaker|Mic
OPPO REALME C1	Realme	Mobile	Network|Wifi|Camera|Charging|BLE|Light|Buttons|Touch|Display|Ear Speaker|Speaker|Mic
OPPO REALME C2	Realme	Mobile	Network|Wifi|Camera|Charging|BLE|Light|Buttons|Touch|Display|Ear Speaker|Speaker|Mic
OPPO REALME C2S	Realme	Mobile	Network|Wifi|Camera|Charging|BLE|Light|Buttons|Touch|Display|Ear Speaker|Speaker|Mic
OPPO REALME C2-2020	Realme	Mobile	Network|Wifi|Camera|Charging|BLE|Light|Buttons|Touch|Display|Ear Speaker|Speaker|Mic
OPPO REALME C3	Realme	Mobile	Network|Wifi|Camera|Charging|BLE|Light|Buttons|Touch|Display|Ear Speaker|Speaker|Mic
OPPO REALME C3I	Realme	Mobile	Network|Wifi|Camera|Charging|BLE|Light|Buttons|Touch|Display|Ear Speaker|Speaker|Mic
OPPO REALME 5	Realme	Mobile	Network|Wifi|Camera|Charging|BLE|Light|Buttons|Touch|Display|Ear Speaker|Speaker|Mic
OPPO REALME 5I	Realme	Mobile	Network|Wifi|Camera|Charging|BLE|Light|Buttons|Touch|Display|Ear Speaker|Speaker|Mic
OPPO REALME 5S	Realme	Mobile	Network|Wifi|Camera|Charging|BLE|Light|Buttons|Touch|Display|Ear Speaker|Speaker|Mic
OPPO REALME 5PRO	Realme	Mobile	Network|Wifi|Camera|Charging|BLE|Light|Buttons|Touch|Display|Ear Speaker|Speaker|Mic
OPPO REALME X3 SUPER ZOOM	Realme	Mobile	Network|Wifi|Camera|Charging|BLE|Light|Buttons|Touch|Display|Ear Speaker|Speaker|Mic
OPPO REALME X3	Realme	Mobile	Network|Wifi|Camera|Charging|BLE|Light|Buttons|Touch|Display|Ear Speaker|Speaker|Mic
OPPO REALME 50M 5G	Realme	Mobile	Network|Wifi|Camera|Charging|BLE|Light|Buttons|Touch|Display|Ear Speaker|Speaker|Mic
OPPO REALME X50(5G)	Realme	Mobile	Network|Wifi|Camera|Charging|BLE|Light|Buttons|Touch|Display|Ear Speaker|Speaker|Mic
OPPO REALME X50PRO	Realme	Mobile	Network|Wifi|Camera|Charging|BLE|Light|Buttons|Touch|Display|Ear Speaker|Speaker|Mic
OPPO REALME X50 5G	Realme	Mobile	Network|Wifi|Camera|Charging|BLE|Light|Buttons|Touch|Display|Ear Speaker|Speaker|Mic
OPPO REALME V13(5G)	Realme	Mobile	Network|Wifi|Camera|Charging|BLE|Light|Buttons|Touch|Display|Ear Speaker|Speaker|Mic
OPPO REALME V5/5G	Realme	Mobile	Network|Wifi|Camera|Charging|BLE|Light|Buttons|Touch|Display|Ear Speaker|Speaker|Mic
OPPO REALME 6	Realme	Mobile	Network|Wifi|Camera|Charging|BLE|Light|Buttons|Touch|Display|Ear Speaker|Speaker|Mic
OPPO REALME 6S	Realme	Mobile	Network|Wifi|Camera|Charging|BLE|Light|Buttons|Touch|Display|Ear Speaker|Speaker|Mic
OPPO REALME 6I	Realme	Mobile	Network|Wifi|Camera|Charging|BLE|Light|Buttons|Touch|Display|Ear Speaker|Speaker|Mic
OPPO REALME 6I (INDIA)	Realme	Mobile	Network|Wifi|Camera|Charging|BLE|Light|Buttons|Touch|Display|Ear Speaker|Speaker|Mic
OPPO REALME 6PRO	Realme	Mobile	Network|Wifi|Camera|Charging|BLE|Light|Buttons|Touch|Display|Ear Speaker|Speaker|Mic
OPPO REALME 7	Realme	Mobile	Network|Wifi|Camera|Charging|BLE|Light|Buttons|Touch|Display|Ear Speaker|Speaker|Mic
OPPO REALME 7I	Realme	Mobile	Network|Wifi|Camera|Charging|BLE|Light|Buttons|Touch|Display|Ear Speaker|Speaker|Mic
OPPO REALME 7I(GLOBAL)	Realme	Mobile	Network|Wifi|Camera|Charging|BLE|Light|Buttons|Touch|Display|Ear Speaker|Speaker|Mic
OPPO REALME 7PRO	Realme	Mobile	Network|Wifi|Camera|Charging|BLE|Light|Buttons|Touch|Display|Ear Speaker|Speaker|Mic
OPPO REALME X7	Realme	Mobile	Network|Wifi|Camera|Charging|BLE|Light|Buttons|Touch|Display|Ear Speaker|Speaker|Mic
OPPO REALME X7 PRO	Realme	Mobile	Network|Wifi|Camera|Charging|BLE|Light|Buttons|Touch|Display|Ear Speaker|Speaker|Mic
OPPO REALME 8(5G)	Realme	Mobile	Network|Wifi|Camera|Charging|BLE|Light|Buttons|Touch|Display|Ear Speaker|Speaker|Mic
OPPO REALME 8PRO	Realme	Mobile	Network|Wifi|Camera|Charging|BLE|Light|Buttons|Touch|Display|Ear Speaker|Speaker|Mic
OPPO REALME XT	Realme	Mobile	Network|Wifi|Camera|Charging|BLE|Light|Buttons|Touch|Display|Ear Speaker|Speaker|Mic
OPPO REALME X2	Realme	Mobile	Network|Wifi|Camera|Charging|BLE|Light|Buttons|Touch|Display|Ear Speaker|Speaker|Mic
OPPO REALME X2 PRO	Realme	Mobile	Network|Wifi|Camera|Charging|BLE|Light|Buttons|Touch|Display|Ear Speaker|Speaker|Mic
OPPO REALME NARZO	Realme	Mobile	Network|Wifi|Camera|Charging|BLE|Light|Buttons|Touch|Display|Ear Speaker|Speaker|Mic
OPPO REALME NARZO 10	Realme	Mobile	Network|Wifi|Camera|Charging|BLE|Light|Buttons|Touch|Display|Ear Speaker|Speaker|Mic
OPPO REALME NARZO 10A	Realme	Mobile	Network|Wifi|Camera|Charging|BLE|Light|Buttons|Touch|Display|Ear Speaker|Speaker|Mic
OPPO REALME NARZO 20	Realme	Mobile	Network|Wifi|Camera|Charging|BLE|Light|Buttons|Touch|Display|Ear Speaker|Speaker|Mic
OPPO REALME NARZO 20A	Realme	Mobile	Network|Wifi|Camera|Charging|BLE|Light|Buttons|Touch|Display|Ear Speaker|Speaker|Mic
OPPO REALME NARZO 20PRO	Realme	Mobile	Network|Wifi|Camera|Charging|BLE|Light|Buttons|Touch|Display|Ear Speaker|Speaker|Mic
OPPO REALME NARZO 30(5G)	Realme	Mobile	Network|Wifi|Camera|Charging|BLE|Light|Buttons|Touch|Display|Ear Speaker|Speaker|Mic
OPPO REALME NARZO 30 PRO	Realme	Mobile	Network|Wifi|Camera|Charging|BLE|Light|Buttons|Touch|Display|Ear Speaker|Speaker|Mic
OPPO REALME C11	Realme	Mobile	Network|Wifi|Camera|Charging|BLE|Light|Buttons|Touch|Display|Ear Speaker|Speaker|Mic
OPPO REALME C11 2021	Realme	Mobile	Network|Wifi|Camera|Charging|BLE|Light|Buttons|Touch|Display|Ear Speaker|Speaker|Mic
OPPO REALME C12	Realme	Mobile	Network|Wifi|Camera|Charging|BLE|Light|Buttons|Touch|Display|Ear Speaker|Speaker|Mic
OPPO REALME V13	Realme	Mobile	Network|Wifi|Camera|Charging|BLE|Light|Buttons|Touch|Display|Ear Speaker|Speaker|Mic
OPPO REALME V15	Realme	Mobile	Network|Wifi|Camera|Charging|BLE|Light|Buttons|Touch|Display|Ear Speaker|Speaker|Mic
OPPO REALME C15	Realme	Mobile	Network|Wifi|Camera|Charging|BLE|Light|Buttons|Touch|Display|Ear Speaker|Speaker|Mic
OPPO REALME C15 Qcom	Realme	Mobile	Network|Wifi|Camera|Charging|BLE|Light|Buttons|Touch|Display|Ear Speaker|Speaker|Mic
OPPO REALME C17	Realme	Mobile	Network|Wifi|Camera|Charging|BLE|Light|Buttons|Touch|Display|Ear Speaker|Speaker|Mic
OPPO REALME C20	Realme	Mobile	Network|Wifi|Camera|Charging|BLE|Light|Buttons|Touch|Display|Ear Speaker|Speaker|Mic
OPPO REALME C20A	Realme	Mobile	Network|Wifi|Camera|Charging|BLE|Light|Buttons|Touch|Display|Ear Speaker|Speaker|Mic
OPPO REALME C21	Realme	Mobile	Network|Wifi|Camera|Charging|BLE|Light|Buttons|Touch|Display|Ear Speaker|Speaker|Mic
OPPO REALME C25	Realme	Mobile	Network|Wifi|Camera|Charging|BLE|Light|Buttons|Touch|Display|Ear Speaker|Speaker|Mic
Oneplus Nord 2T (5G)	Oneplus	Mobile	Network|Wifi|Camera|Charging|BLE|Light|Buttons|Touch|Display|Ear Speaker|Speaker|Mic
Oneplus Nord CE(5G)	Oneplus	Mobile	Network|Wifi|Camera|Charging|BLE|Light|Buttons|Touch|Display|Ear Speaker|Speaker|Mic
Oneplus Nord	Oneplus	Mobile	Network|Wifi|Camera|Charging|BLE|Light|Buttons|Touch|Display|Ear Speaker|Speaker|Mic
XIAOMI 10LITE             	Xiaomi	Mobile	Network|Wifi|Camera|Charging|BLE|Light|Buttons|Touch|Display|Ear Speaker|Speaker|Mic
XIAOMI 10i	Xiaomi	Mobile	Network|Wifi|Camera|Charging|BLE|Light|Buttons|Touch|Display|Ear Speaker|Speaker|Mic
XIAOMI 10 T(5G)	Xiaomi	Mobile	Network|Wifi|Camera|Charging|BLE|Light|Buttons|Touch|Display|Ear Speaker|Speaker|Mic
XIAOMI 10T PRO(5G)	Xiaomi	Mobile	Network|Wifi|Camera|Charging|BLE|Light|Buttons|Touch|Display|Ear Speaker|Speaker|Mic
XUAOMI 10T LITE	Xiaomi	Mobile	Network|Wifi|Camera|Charging|BLE|Light|Buttons|Touch|Display|Ear Speaker|Speaker|Mic
XIAOMI 10 YOUCH 5G	Xiaomi	Mobile	Network|Wifi|Camera|Charging|BLE|Light|Buttons|Touch|Display|Ear Speaker|Speaker|Mic
XIAOMI 11 I	Xiaomi	Mobile	Network|Wifi|Camera|Charging|BLE|Light|Buttons|Touch|Display|Ear Speaker|Speaker|Mic
XIAOMI 11X	Xiaomi	Mobile	Network|Wifi|Camera|Charging|BLE|Light|Buttons|Touch|Display|Ear Speaker|Speaker|Mic
XIAOMI 11X PRO	Xiaomi	Mobile	Network|Wifi|Camera|Charging|BLE|Light|Buttons|Touch|Display|Ear Speaker|Speaker|Mic
XIAOMI 11 LITE	Xiaomi	Mobile	Network|Wifi|Camera|Charging|BLE|Light|Buttons|Touch|Display|Ear Speaker|Speaker|Mic
XIAOMI 11 LITE 5G	Xiaomi	Mobile	Network|Wifi|Camera|Charging|BLE|Light|Buttons|Touch|Display|Ear Speaker|Speaker|Mic
XIAOMI 11 YOUTH	Xiaomi	Mobile	Network|Wifi|Camera|Charging|BLE|Light|Buttons|Touch|Display|Ear Speaker|Speaker|Mic
XIAOMI POCO X2	Xiaomi	Mobile	Network|Wifi|Camera|Charging|BLE|Light|Buttons|Touch|Display|Ear Speaker|Speaker|Mic
XIAOMI POCO F2 PRO	Xiaomi	Mobile	Network|Wifi|Camera|Charging|BLE|Light|Buttons|Touch|Display|Ear Speaker|Speaker|Mic
XIAOMI POCO M2 PRO	Xiaomi	Mobile	Network|Wifi|Camera|Charging|BLE|Light|Buttons|Touch|Display|Ear Speaker|Speaker|Mic
XIAOMI POCO M2	Xiaomi	Mobile	Network|Wifi|Camera|Charging|BLE|Light|Buttons|Touch|Display|Ear Speaker|Speaker|Mic
XIAOMI POCO M3	Xiaomi	Mobile	Network|Wifi|Camera|Charging|BLE|Light|Buttons|Touch|Display|Ear Speaker|Speaker|Mic
XIAOMI POCO M3PRO(4G)	Xiaomi	Mobile	Network|Wifi|Camera|Charging|BLE|Light|Buttons|Touch|Display|Ear Speaker|Speaker|Mic
XIAOMI POCO M3PRO(5G)	Xiaomi	Mobile	Network|Wifi|Camera|Charging|BLE|Light|Buttons|Touch|Display|Ear Speaker|Speaker|Mic
XIAOMI POCO M4 PRO	Xiaomi	Mobile	Network|Wifi|Camera|Charging|BLE|Light|Buttons|Touch|Display|Ear Speaker|Speaker|Mic
XIAOMI POCO M4 PRO 5G	Xiaomi	Mobile	Network|Wifi|Camera|Charging|BLE|Light|Buttons|Touch|Display|Ear Speaker|Speaker|Mic
XIAOMI POCO C3	Xiaomi	Mobile	Network|Wifi|Camera|Charging|BLE|Light|Buttons|Touch|Display|Ear Speaker|Speaker|Mic
XIAOMI POCO F3	Xiaomi	Mobile	Network|Wifi|Camera|Charging|BLE|Light|Buttons|Touch|Display|Ear Speaker|Speaker|Mic
XIAOMI POCO X3 NFC	Xiaomi	Mobile	Network|Wifi|Camera|Charging|BLE|Light|Buttons|Touch|Display|Ear Speaker|Speaker|Mic
XIAOMI POCO X3 PRO	Xiaomi	Mobile	Network|Wifi|Camera|Charging|BLE|Light|Buttons|Touch|Display|Ear Speaker|Speaker|Mic
XIAOMI POCO X3	Xiaomi	Mobile	Network|Wifi|Camera|Charging|BLE|Light|Buttons|Touch|Display|Ear Speaker|Speaker|Mic
XIAOMI POCO X3 GT	Xiaomi	Mobile	Network|Wifi|Camera|Charging|BLE|Light|Buttons|Touch|Display|Ear Speaker|Speaker|Mic
XIAOMI POCO X4 NFC	Xiaomi	Mobile	Network|Wifi|Camera|Charging|BLE|Light|Buttons|Touch|Display|Ear Speaker|Speaker|Mic
XIAOMI POCO X4 PRO 5G	Xiaomi	Mobile	Network|Wifi|Camera|Charging|BLE|Light|Buttons|Touch|Display|Ear Speaker|Speaker|Mic
REDMI Y3	Xiaomi	Mobile	Network|Wifi|Camera|Charging|BLE|Light|Buttons|Touch|Display|Ear Speaker|Speaker|Mic
REDMI K30	Xiaomi	Mobile	Network|Wifi|Camera|Charging|BLE|Light|Buttons|Touch|Display|Ear Speaker|Speaker|Mic
REDMI K30-5G	Xiaomi	Mobile	Network|Wifi|Camera|Charging|BLE|Light|Buttons|Touch|Display|Ear Speaker|Speaker|Mic
REDMI K30i	Xiaomi	Mobile	Network|Wifi|Camera|Charging|BLE|Light|Buttons|Touch|Display|Ear Speaker|Speaker|Mic
REDMI K40	Xiaomi	Mobile	Network|Wifi|Camera|Charging|BLE|Light|Buttons|Touch|Display|Ear Speaker|Speaker|Mic
REDMI K40 PRO	Xiaomi	Mobile	Network|Wifi|Camera|Charging|BLE|Light|Buttons|Touch|Display|Ear Speaker|Speaker|Mic
REDMI K40 PRO+	Xiaomi	Mobile	Network|Wifi|Camera|Charging|BLE|Light|Buttons|Touch|Display|Ear Speaker|Speaker|Mic
REDMI 8	Xiaomi	Mobile	Network|Wifi|Camera|Charging|BLE|Light|Buttons|Touch|Display|Ear Speaker|Speaker|Mic
REDMI 8A	Xiaomi	Mobile	Network|Wifi|Camera|Charging|BLE|Light|Buttons|Touch|Display|Ear Speaker|Speaker|Mic
REDMI 8PRO	Xiaomi	Mobile	Network|Wifi|Camera|Charging|BLE|Light|Buttons|Touch|Display|Ear Speaker|Speaker|Mic
REDMI 8A PRO	Xiaomi	Mobile	Network|Wifi|Camera|Charging|BLE|Light|Buttons|Touch|Display|Ear Speaker|Speaker|Mic
REDMI 8A DUAL	Xiaomi	Mobile	Network|Wifi|Camera|Charging|BLE|Light|Buttons|Touch|Display|Ear Speaker|Speaker|Mic
REDMI 8A PRIME	Xiaomi	Mobile	Network|Wifi|Camera|Charging|BLE|Light|Buttons|Touch|Display|Ear Speaker|Speaker|Mic
REDMI 10X(4G)	Xiaomi	Mobile	Network|Wifi|Camera|Charging|BLE|Light|Buttons|Touch|Display|Ear Speaker|Speaker|Mic
REDMI 10X/5G	Xiaomi	Mobile	Network|Wifi|Camera|Charging|BLE|Light|Buttons|Touch|Display|Ear Speaker|Speaker|Mic
REDMI NOTE7	Xiaomi	Mobile	Network|Wifi|Camera|Charging|BLE|Light|Buttons|Touch|Display|Ear Speaker|Speaker|Mic
REDMI NOTE7S	Xiaomi	Mobile	Network|Wifi|Camera|Charging|BLE|Light|Buttons|Touch|Display|Ear Speaker|Speaker|Mic
REDMI NOTE7 PRO	Xiaomi	Mobile	Network|Wifi|Camera|Charging|BLE|Light|Buttons|Touch|Display|Ear Speaker|Speaker|Mic
REDMI NOTE 8	Xiaomi	Mobile	Network|Wifi|Camera|Charging|BLE|Light|Buttons|Touch|Display|Ear Speaker|Speaker|Mic
REDMI NOTE 8(2021)	Xiaomi	Mobile	Network|Wifi|Camera|Charging|BLE|Light|Buttons|Touch|Display|Ear Speaker|Speaker|Mic
REDMI NOTE8 PRO	Xiaomi	Mobile	Network|Wifi|Camera|Charging|BLE|Light|Buttons|Touch|Display|Ear Speaker|Speaker|Mic
REDMI 9	Xiaomi	Mobile	Network|Wifi|Camera|Charging|BLE|Light|Buttons|Touch|Display|Ear Speaker|Speaker|Mic
REDMI 9A	Xiaomi	Mobile	Network|Wifi|Camera|Charging|BLE|Light|Buttons|Touch|Display|Ear Speaker|Speaker|Mic
REDMI 9C	Xiaomi	Mobile	Network|Wifi|Camera|Charging|BLE|Light|Buttons|Touch|Display|Ear Speaker|Speaker|Mic
REDMI 9T	Xiaomi	Mobile	Network|Wifi|Camera|Charging|BLE|Light|Buttons|Touch|Display|Ear Speaker|Speaker|Mic
REDMI 9AT	Xiaomi	Mobile	Network|Wifi|Camera|Charging|BLE|Light|Buttons|Touch|Display|Ear Speaker|Speaker|Mic
REDMI 9C NFC	Xiaomi	Mobile	Network|Wifi|Camera|Charging|BLE|Light|Buttons|Touch|Display|Ear Speaker|Speaker|Mic
REDMI 9PRIME	Xiaomi	Mobile	Network|Wifi|Camera|Charging|BLE|Light|Buttons|Touch|Display|Ear Speaker|Speaker|Mic
REDMI 9POWER	Xiaomi	Mobile	Network|Wifi|Camera|Charging|BLE|Light|Buttons|Touch|Display|Ear Speaker|Speaker|Mic
REDMI 10A	Xiaomi	Mobile	Network|Wifi|Camera|Charging|BLE|Light|Buttons|Touch|Display|Ear Speaker|Speaker|Mic
REDMI 10	Xiaomi	Mobile	Network|Wifi|Camera|Charging|BLE|Light|Buttons|Touch|Display|Ear Speaker|Speaker|Mic
REDMI 10 2022	Xiaomi	Mobile	Network|Wifi|Camera|Charging|BLE|Light|Buttons|Touch|Display|Ear Speaker|Speaker|Mic
REDMI 10 5G	Xiaomi	Mobile	Network|Wifi|Camera|Charging|BLE|Light|Buttons|Touch|Display|Ear Speaker|Speaker|Mic
REDMI 10PRIME	Xiaomi	Mobile	Network|Wifi|Camera|Charging|BLE|Light|Buttons|Touch|Display|Ear Speaker|Speaker|Mic
REDMI NOTE 9	Xiaomi	Mobile	Network|Wifi|Camera|Charging|BLE|Light|Buttons|Touch|Display|Ear Speaker|Speaker|Mic
REDMI NOTE 9T	Xiaomi	Mobile	Network|Wifi|Camera|Charging|BLE|Light|Buttons|Touch|Display|Ear Speaker|Speaker|Mic
REDMI NOTE 9/4G	Xiaomi	Mobile	Network|Wifi|Camera|Charging|BLE|Light|Buttons|Touch|Display|Ear Speaker|Speaker|Mic
REDMI NOTE 9S	Xiaomi	Mobile	Network|Wifi|Camera|Charging|BLE|Light|Buttons|Touch|Display|Ear Speaker|Speaker|Mic
REDMI NOTE 9PRO	Xiaomi	Mobile	Network|Wifi|Camera|Charging|BLE|Light|Buttons|Touch|Display|Ear Speaker|Speaker|Mic
REDMI NOTE 9PRO MAX	Xiaomi	Mobile	Network|Wifi|Camera|Charging|BLE|Light|Buttons|Touch|Display|Ear Speaker|Speaker|Mic
REDMI 10C	Xiaomi	Mobile	Network|Wifi|Camera|Charging|BLE|Light|Buttons|Touch|Display|Ear Speaker|Speaker|Mic
REDMI NOTE 10 PRO(INDIA)	Xiaomi	Mobile	Network|Wifi|Camera|Charging|BLE|Light|Buttons|Touch|Display|Ear Speaker|Speaker|Mic
REDMI NOTE 10PRO MAX	Xiaomi	Mobile	Network|Wifi|Camera|Charging|BLE|Light|Buttons|Touch|Display|Ear Speaker|Speaker|Mic
REDMI NOTE 10PRO	Xiaomi	Mobile	Network|Wifi|Camera|Charging|BLE|Light|Buttons|Touch|Display|Ear Speaker|Speaker|Mic
REDMI NOTE 10(5G)	Xiaomi	Mobile	Network|Wifi|Camera|Charging|BLE|Light|Buttons|Touch|Display|Ear Speaker|Speaker|Mic
REDMI NOTE 10S	Xiaomi	Mobile	Network|Wifi|Camera|Charging|BLE|Light|Buttons|Touch|Display|Ear Speaker|Speaker|Mic
REDMI NOTE 10(4G)	Xiaomi	Mobile	Network|Wifi|Camera|Charging|BLE|Light|Buttons|Touch|Display|Ear Speaker|Speaker|Mic
REDMI NOTE 10T(5G)	Xiaomi	Mobile	Network|Wifi|Camera|Charging|BLE|Light|Buttons|Touch|Display|Ear Speaker|Speaker|Mic
REDMI NOTE 11(5G)	Xiaomi	Mobile	Network|Wifi|Camera|Charging|BLE|Light|Buttons|Touch|Display|Ear Speaker|Speaker|Mic
REDMI NOTE 11 4G	Xiaomi	Mobile	Network|Wifi|Camera|Charging|BLE|Light|Buttons|Touch|Display|Ear Speaker|Speaker|Mic
REDMI NOTE 11	Xiaomi	Mobile	Network|Wifi|Camera|Charging|BLE|Light|Buttons|Touch|Display|Ear Speaker|Speaker|Mic
REDMI NOTE 11S	Xiaomi	Mobile	Network|Wifi|Camera|Charging|BLE|Light|Buttons|Touch|Display|Ear Speaker|Speaker|Mic
REDMI NOTE 11 PRO	Xiaomi	Mobile	Network|Wifi|Camera|Charging|BLE|Light|Buttons|Touch|Display|Ear Speaker|Speaker|Mic
REDMI NOTE 11PRO(5G)	Xiaomi	Mobile	Network|Wifi|Camera|Charging|BLE|Light|Buttons|Touch|Display|Ear Speaker|Speaker|Mic
REDMI NOTE 11PRO+(5G)	Xiaomi	Mobile	Network|Wifi|Camera|Charging|BLE|Light|Buttons|Touch|Display|Ear Speaker|Speaker|Mic
REDMI NOTE 11E	Xiaomi	Mobile	Network|Wifi|Camera|Charging|BLE|Light|Buttons|Touch|Display|Ear Speaker|Speaker|Mic
REDMI NOTE 11E PRO	Xiaomi	Mobile	Network|Wifi|Camera|Charging|BLE|Light|Buttons|Touch|Display|Ear Speaker|Speaker|Mic
Xiaomi Poco F1	Xiaomi	Mobile	Network|Wifi|Camera|Charging|BLE|Light|Buttons|Touch|Display|Ear Speaker|Speaker|Mic
SAM F41	Samsung	Mobile	Network|Wifi|Camera|Charging|BLE|Light|Buttons|Touch|Display|Ear Speaker|Speaker|Mic
SAM F62	Samsung	Mobile	Network|Wifi|Camera|Charging|BLE|Light|Buttons|Touch|Display|Ear Speaker|Speaker|Mic
SAM F12	Samsung	Mobile	Network|Wifi|Camera|Charging|BLE|Light|Buttons|Touch|Display|Ear Speaker|Speaker|Mic
SAM F13	Samsung	Mobile	Network|Wifi|Camera|Charging|BLE|Light|Buttons|Touch|Display|Ear Speaker|Speaker|Mic
SAM F02S	Samsung	Mobile	Network|Wifi|Camera|Charging|BLE|Light|Buttons|Touch|Display|Ear Speaker|Speaker|Mic
SAM F23	Samsung	Mobile	Network|Wifi|Camera|Charging|BLE|Light|Buttons|Touch|Display|Ear Speaker|Speaker|Mic
SAM M13	Samsung	Mobile	Network|Wifi|Camera|Charging|BLE|Light|Buttons|Touch|Display|Ear Speaker|Speaker|Mic
SAM M23	Samsung	Mobile	Network|Wifi|Camera|Charging|BLE|Light|Buttons|Touch|Display|Ear Speaker|Speaker|Mic
SAM M33	Samsung	Mobile	Network|Wifi|Camera|Charging|BLE|Light|Buttons|Touch|Display|Ear Speaker|Speaker|Mic
SAM M52	Samsung	Mobile	Network|Wifi|Camera|Charging|BLE|Light|Buttons|Touch|Display|Ear Speaker|Speaker|Mic
SAM M53	Samsung	Mobile	Network|Wifi|Camera|Charging|BLE|Light|Buttons|Touch|Display|Ear Speaker|Speaker|Mic
SAM M62	Samsung	Mobile	Network|Wifi|Camera|Charging|BLE|Light|Buttons|Touch|Display|Ear Speaker|Speaker|Mic
SAM A01 CORE	Samsung	Mobile	Network|Wifi|Camera|Charging|BLE|Light|Buttons|Touch|Display|Ear Speaker|Speaker|Mic
SAM M01 CORE	Samsung	Mobile	Network|Wifi|Camera|Charging|BLE|Light|Buttons|Touch|Display|Ear Speaker|Speaker|Mic
SAM A10S	Samsung	Mobile	Network|Wifi|Camera|Charging|BLE|Light|Buttons|Touch|Display|Ear Speaker|Speaker|Mic
SAM A10/M10	Samsung	Mobile	Network|Wifi|Camera|Charging|BLE|Light|Buttons|Touch|Display|Ear Speaker|Speaker|Mic
SAM M10S	Samsung	Mobile	Network|Wifi|Camera|Charging|BLE|Light|Buttons|Touch|Display|Ear Speaker|Speaker|Mic
SAM A12	Samsung	Mobile	Network|Wifi|Camera|Charging|BLE|Light|Buttons|Touch|Display|Ear Speaker|Speaker|Mic
SAM A13 4G	Samsung	Mobile	Network|Wifi|Camera|Charging|BLE|Light|Buttons|Touch|Display|Ear Speaker|Speaker|Mic
SAM A13 5G	Samsung	Mobile	Network|Wifi|Camera|Charging|BLE|Light|Buttons|Touch|Display|Ear Speaker|Speaker|Mic
SAM A33 5G	Samsung	Mobile	Network|Wifi|Camera|Charging|BLE|Light|Buttons|Touch|Display|Ear Speaker|Speaker|Mic
SAM A53 5G	Samsung	Mobile	Network|Wifi|Camera|Charging|BLE|Light|Buttons|Touch|Display|Ear Speaker|Speaker|Mic
SAM A73	Samsung	Mobile	Network|Wifi|Camera|Charging|BLE|Light|Buttons|Touch|Display|Ear Speaker|Speaker|Mic
SAM A20	Samsung	Mobile	Network|Wifi|Camera|Charging|BLE|Light|Buttons|Touch|Display|Ear Speaker|Speaker|Mic
SAM A02	Samsung	Mobile	Network|Wifi|Camera|Charging|BLE|Light|Buttons|Touch|Display|Ear Speaker|Speaker|Mic
SAM A022	Samsung	Mobile	Network|Wifi|Camera|Charging|BLE|Light|Buttons|Touch|Display|Ear Speaker|Speaker|Mic
SAM M02	Samsung	Mobile	Network|Wifi|Camera|Charging|BLE|Light|Buttons|Touch|Display|Ear Speaker|Speaker|Mic
SAM A20S	Samsung	Mobile	Network|Wifi|Camera|Charging|BLE|Light|Buttons|Touch|Display|Ear Speaker|Speaker|Mic
SAM A2CORE	Samsung	Mobile	Network|Wifi|Camera|Charging|BLE|Light|Buttons|Touch|Display|Ear Speaker|Speaker|Mic
SAM A3CORE	Samsung	Mobile	Network|Wifi|Camera|Charging|BLE|Light|Buttons|Touch|Display|Ear Speaker|Speaker|Mic
SAM A30	Samsung	Mobile	Network|Wifi|Camera|Charging|BLE|Light|Buttons|Touch|Display|Ear Speaker|Speaker|Mic
SAM A30S	Samsung	Mobile	Network|Wifi|Camera|Charging|BLE|Light|Buttons|Touch|Display|Ear Speaker|Speaker|Mic
SAM A40S	Samsung	Mobile	Network|Wifi|Camera|Charging|BLE|Light|Buttons|Touch|Display|Ear Speaker|Speaker|Mic
SAM A50S	Samsung	Mobile	Network|Wifi|Camera|Charging|BLE|Light|Buttons|Touch|Display|Ear Speaker|Speaker|Mic
SAM A50	Samsung	Mobile	Network|Wifi|Camera|Charging|BLE|Light|Buttons|Touch|Display|Ear Speaker|Speaker|Mic
SAM A70	Samsung	Mobile	Network|Wifi|Camera|Charging|BLE|Light|Buttons|Touch|Display|Ear Speaker|Speaker|Mic
SAM A70S	Samsung	Mobile	Network|Wifi|Camera|Charging|BLE|Light|Buttons|Touch|Display|Ear Speaker|Speaker|Mic
SAM A80	Samsung	Mobile	Network|Wifi|Camera|Charging|BLE|Light|Buttons|Touch|Display|Ear Speaker|Speaker|Mic
SAM A90	Samsung	Mobile	Network|Wifi|Camera|Charging|BLE|Light|Buttons|Touch|Display|Ear Speaker|Speaker|Mic
SAM A90-5G	Samsung	Mobile	Network|Wifi|Camera|Charging|BLE|Light|Buttons|Touch|Display|Ear Speaker|Speaker|Mic
SAM M20	Samsung	Mobile	Network|Wifi|Camera|Charging|BLE|Light|Buttons|Touch|Display|Ear Speaker|Speaker|Mic
SAM M20S	Samsung	Mobile	Network|Wifi|Camera|Charging|BLE|Light|Buttons|Touch|Display|Ear Speaker|Speaker|Mic
SAM M30	Samsung	Mobile	Network|Wifi|Camera|Charging|BLE|Light|Buttons|Touch|Display|Ear Speaker|Speaker|Mic
SAM M30S	Samsung	Mobile	Network|Wifi|Camera|Charging|BLE|Light|Buttons|Touch|Display|Ear Speaker|Speaker|Mic
SAM M51	Samsung	Mobile	Network|Wifi|Camera|Charging|BLE|Light|Buttons|Touch|Display|Ear Speaker|Speaker|Mic
SAM M01S	Samsung	Mobile	Network|Wifi|Camera|Charging|BLE|Light|Buttons|Touch|Display|Ear Speaker|Speaker|Mic
SAM M11	Samsung	Mobile	Network|Wifi|Camera|Charging|BLE|Light|Buttons|Touch|Display|Ear Speaker|Speaker|Mic
SAM M12	Samsung	Mobile	Network|Wifi|Camera|Charging|BLE|Light|Buttons|Touch|Display|Ear Speaker|Speaker|Mic
SAM M21	Samsung	Mobile	Network|Wifi|Camera|Charging|BLE|Light|Buttons|Touch|Display|Ear Speaker|Speaker|Mic
SAM M21S	Samsung	Mobile	Network|Wifi|Camera|Charging|BLE|Light|Buttons|Touch|Display|Ear Speaker|Speaker|Mic
SAM M22	Samsung	Mobile	Network|Wifi|Camera|Charging|BLE|Light|Buttons|Touch|Display|Ear Speaker|Speaker|Mic
SAM M31	Samsung	Mobile	Network|Wifi|Camera|Charging|BLE|Light|Buttons|Touch|Display|Ear Speaker|Speaker|Mic
SAM M31S	Samsung	Mobile	Network|Wifi|Camera|Charging|BLE|Light|Buttons|Touch|Display|Ear Speaker|Speaker|Mic
SAM M31 PRIME	Samsung	Mobile	Network|Wifi|Camera|Charging|BLE|Light|Buttons|Touch|Display|Ear Speaker|Speaker|Mic
SAM A11	Samsung	Mobile	Network|Wifi|Camera|Charging|BLE|Light|Buttons|Touch|Display|Ear Speaker|Speaker|Mic
SAM A21	Samsung	Mobile	Network|Wifi|Camera|Charging|BLE|Light|Buttons|Touch|Display|Ear Speaker|Speaker|Mic
SAM A21S	Samsung	Mobile	Network|Wifi|Camera|Charging|BLE|Light|Buttons|Touch|Display|Ear Speaker|Speaker|Mic
SAM A31	Samsung	Mobile	Network|Wifi|Camera|Charging|BLE|Light|Buttons|Touch|Display|Ear Speaker|Speaker|Mic
SAM A32 4G	Samsung	Mobile	Network|Wifi|Camera|Charging|BLE|Light|Buttons|Touch|Display|Ear Speaker|Speaker|Mic
SAM A32 5G	Samsung	Mobile	Network|Wifi|Camera|Charging|BLE|Light|Buttons|Touch|Display|Ear Speaker|Speaker|Mic
SAM A42	Samsung	Mobile	Network|Wifi|Camera|Charging|BLE|Light|Buttons|Touch|Display|Ear Speaker|Speaker|Mic
SAM A51	Samsung	Mobile	Network|Wifi|Camera|Charging|BLE|Light|Buttons|Touch|Display|Ear Speaker|Speaker|Mic
SAM A51(5G)	Samsung	Mobile	Network|Wifi|Camera|Charging|BLE|Light|Buttons|Touch|Display|Ear Speaker|Speaker|Mic
SAM A52(4G)	Samsung	Mobile	Network|Wifi|Camera|Charging|BLE|Light|Buttons|Touch|Display|Ear Speaker|Speaker|Mic
SAM A52(5G)	Samsung	Mobile	Network|Wifi|Camera|Charging|BLE|Light|Buttons|Touch|Display|Ear Speaker|Speaker|Mic
SAM A71	Samsung	Mobile	Network|Wifi|Camera|Charging|BLE|Light|Buttons|Touch|Display|Ear Speaker|Speaker|Mic
SAM A71/5G	Samsung	Mobile	Network|Wifi|Camera|Charging|BLE|Light|Buttons|Touch|Display|Ear Speaker|Speaker|Mic
SAM A71S	Samsung	Mobile	Network|Wifi|Camera|Charging|BLE|Light|Buttons|Touch|Display|Ear Speaker|Speaker|Mic
SAM A716V	Samsung	Mobile	Network|Wifi|Camera|Charging|BLE|Light|Buttons|Touch|Display|Ear Speaker|Speaker|Mic
SAM A72(4G)	Samsung	Mobile	Network|Wifi|Camera|Charging|BLE|Light|Buttons|Touch|Display|Ear Speaker|Speaker|Mic
SAM A72(5G)	Samsung	Mobile	Network|Wifi|Camera|Charging|BLE|Light|Buttons|Touch|Display|Ear Speaker|Speaker|Mic
SAM A91	Samsung	Mobile	Network|Wifi|Camera|Charging|BLE|Light|Buttons|Touch|Display|Ear Speaker|Speaker|Mic
SAM S20 FE	Samsung	Mobile	Network|Wifi|Camera|Charging|BLE|Light|Buttons|Touch|Display|Ear Speaker|Speaker|Mic
SAM S20 FE/5G	Samsung	Mobile	Network|Wifi|Camera|Charging|BLE|Light|Buttons|Touch|Display|Ear Speaker|Speaker|Mic
SAM S20FE 2022	Samsung	Mobile	Network|Wifi|Camera|Charging|BLE|Light|Buttons|Touch|Display|Ear Speaker|Speaker|Mic
SAM A22(4G)	Samsung	Mobile	Network|Wifi|Camera|Charging|BLE|Light|Buttons|Touch|Display|Ear Speaker|Speaker|Mic
SAM A22(5G)	Samsung	Mobile	Network|Wifi|Camera|Charging|BLE|Light|Buttons|Touch|Display|Ear Speaker|Speaker|Mic
SAM S10 LITE NEW	Samsung	Mobile	Network|Wifi|Camera|Charging|BLE|Light|Buttons|Touch|Display|Ear Speaker|Speaker|Mic
SAM NOTE 10 LITE	Samsung	Mobile	Network|Wifi|Camera|Charging|BLE|Light|Buttons|Touch|Display|Ear Speaker|Speaker|Mic
SAM A02S/M02S	Samsung	Mobile	Network|Wifi|Camera|Charging|BLE|Light|Buttons|Touch|Display|Ear Speaker|Speaker|Mic
IPHONE SE/2020	Apple	Mobile	Network|Wifi|Camera|Charging|BLE|Light|Buttons|Touch|Display|Ear Speaker|Speaker|Mic
IPHONE 5	Apple	Mobile	Network|Wifi|Camera|Charging|BLE|Light|Buttons|Touch|Display|Ear Speaker|Speaker|Mic
IPHONE 6	Apple	Mobile	Network|Wifi|Camera|Charging|BLE|Light|Buttons|Touch|Display|Ear Speaker|Speaker|Mic
IPHONE 7	Apple	Mobile	Network|Wifi|Camera|Charging|BLE|Light|Buttons|Touch|Display|Ear Speaker|Speaker|Mic
IPHONE 8	Apple	Mobile	Network|Wifi|Camera|Charging|BLE|Light|Buttons|Touch|Display|Ear Speaker|Speaker|Mic
IPHONE 6 PLUS	Apple	Mobile	Network|Wifi|Camera|Charging|BLE|Light|Buttons|Touch|Display|Ear Speaker|Speaker|Mic
IPHONE 7 PLUS	Apple	Mobile	Network|Wifi|Camera|Charging|BLE|Light|Buttons|Touch|Display|Ear Speaker|Speaker|Mic
IPHONE 8 PLUS	Apple	Mobile	Network|Wifi|Camera|Charging|BLE|Light|Buttons|Touch|Display|Ear Speaker|Speaker|Mic
IPHONE X	Apple	Mobile	Network|Wifi|Camera|Charging|BLE|Light|Buttons|Touch|Display|Ear Speaker|Speaker|Mic
IPHONE XS	Apple	Mobile	Network|Wifi|Camera|Charging|BLE|Light|Buttons|Touch|Display|Ear Speaker|Speaker|Mic
IPHONE XR	Apple	Mobile	Network|Wifi|Camera|Charging|BLE|Light|Buttons|Touch|Display|Ear Speaker|Speaker|Mic
IPHONE XS MAX	Apple	Mobile	Network|Wifi|Camera|Charging|BLE|Light|Buttons|Touch|Display|Ear Speaker|Speaker|Mic
IPHONE 11	Apple	Mobile	Network|Wifi|Camera|Charging|BLE|Light|Buttons|Touch|Display|Ear Speaker|Speaker|Mic
IPHONE 11PRO	Apple	Mobile	Network|Wifi|Camera|Charging|BLE|Light|Buttons|Touch|Display|Ear Speaker|Speaker|Mic
IPHONE 11PRO MAX	Apple	Mobile	Network|Wifi|Camera|Charging|BLE|Light|Buttons|Touch|Display|Ear Speaker|Speaker|Mic
IPHONE 12MINI	Apple	Mobile	Network|Wifi|Camera|Charging|BLE|Light|Buttons|Touch|Display|Ear Speaker|Speaker|Mic
IPHONE 12	Apple	Mobile	Network|Wifi|Camera|Charging|BLE|Light|Buttons|Touch|Display|Ear Speaker|Speaker|Mic
IPHONE 12PRO	Apple	Mobile	Network|Wifi|Camera|Charging|BLE|Light|Buttons|Touch|Display|Ear Speaker|Speaker|Mic
IPHONE 12 Pro MAX	Apple	Mobile	Network|Wifi|Camera|Charging|BLE|Light|Buttons|Touch|Display|Ear Speaker|Speaker|Mic
IPHONE 13 Mini             	Apple	Mobile	Network|Wifi|Camera|Charging|BLE|Light|Buttons|Touch|Display|Ear Speaker|Speaker|Mic
IPHONE 13    	Apple	Mobile	Network|Wifi|Camera|Charging|BLE|Light|Buttons|Touch|Display|Ear Speaker|Speaker|Mic
IPHONE 13PRO        	Apple	Mobile	Network|Wifi|Camera|Charging|BLE|Light|Buttons|Touch|Display|Ear Speaker|Speaker|Mic
IPHONE 13PRO Max       	Apple	Mobile	Network|Wifi|Camera|Charging|BLE|Light|Buttons|Touch|Display|Ear Speaker|Speaker|Mic
IPHONE 14	Apple	Mobile	Network|Wifi|Camera|Charging|BLE|Light|Buttons|Touch|Display|Ear Speaker|Speaker|Mic
IPHONE 14 Plus	Apple	Mobile	Network|Wifi|Camera|Charging|BLE|Light|Buttons|Touch|Display|Ear Speaker|Speaker|Mic
IPHONE 14 PRO	Apple	Mobile	Network|Wifi|Camera|Charging|BLE|Light|Buttons|Touch|Display|Ear Speaker|Speaker|Mic
IPHONE 14 PRO MAX	Apple	Mobile	Network|Wifi|Camera|Charging|BLE|Light|Buttons|Touch|Display|Ear Speaker|Speaker|Mic
VIVO X30	Vivo	Mobile	Network|Wifi|Camera|Charging|BLE|Light|Buttons|Touch|Display|Ear Speaker|Speaker|Mic
VIVO X30 PRO	Vivo	Mobile	Network|Wifi|Camera|Charging|BLE|Light|Buttons|Touch|Display|Ear Speaker|Speaker|Mic
VIVO T1X 4G	Vivo	Mobile	Network|Wifi|Camera|Charging|BLE|Light|Buttons|Touch|Display|Ear Speaker|Speaker|Mic
VIVO T1 PRO	Vivo	Mobile	Network|Wifi|Camera|Charging|BLE|Light|Buttons|Touch|Display|Ear Speaker|Speaker|Mic
VIVO T2X	Vivo	Mobile	Network|Wifi|Camera|Charging|BLE|Light|Buttons|Touch|Display|Ear Speaker|Speaker|Mic
VIVO Y01	Vivo	Mobile	Network|Wifi|Camera|Charging|BLE|Light|Buttons|Touch|Display|Ear Speaker|Speaker|Mic
VIVO Y3	Vivo	Mobile	Network|Wifi|Camera|Charging|BLE|Light|Buttons|Touch|Display|Ear Speaker|Speaker|Mic
VIVO Y3S	Vivo	Mobile	Network|Wifi|Camera|Charging|BLE|Light|Buttons|Touch|Display|Ear Speaker|Speaker|Mic
VIVO Y20	Vivo	Mobile	Network|Wifi|Camera|Charging|BLE|Light|Buttons|Touch|Display|Ear Speaker|Speaker|Mic
VIVO Y20A	Vivo	Mobile	Network|Wifi|Camera|Charging|BLE|Light|Buttons|Touch|Display|Ear Speaker|Speaker|Mic
VIVO Y20S	Vivo	Mobile	Network|Wifi|Camera|Charging|BLE|Light|Buttons|Touch|Display|Ear Speaker|Speaker|Mic
VIVO Y20I	Vivo	Mobile	Network|Wifi|Camera|Charging|BLE|Light|Buttons|Touch|Display|Ear Speaker|Speaker|Mic
VIVO Y20G	Vivo	Mobile	Network|Wifi|Camera|Charging|BLE|Light|Buttons|Touch|Display|Ear Speaker|Speaker|Mic
VIVO Y21E	Vivo	Mobile	Network|Wifi|Camera|Charging|BLE|Light|Buttons|Touch|Display|Ear Speaker|Speaker|Mic
VIVO Y21	Vivo	Mobile	Network|Wifi|Camera|Charging|BLE|Light|Buttons|Touch|Display|Ear Speaker|Speaker|Mic
VIVO Y30	Vivo	Mobile	Network|Wifi|Camera|Charging|BLE|Light|Buttons|Touch|Display|Ear Speaker|Speaker|Mic
VIVO Y30G	Vivo	Mobile	Network|Wifi|Camera|Charging|BLE|Light|Buttons|Touch|Display|Ear Speaker|Speaker|Mic
VIVO Y31S	Vivo	Mobile	Network|Wifi|Camera|Charging|BLE|Light|Buttons|Touch|Display|Ear Speaker|Speaker|Mic
VIVO Y31	Vivo	Mobile	Network|Wifi|Camera|Charging|BLE|Light|Buttons|Touch|Display|Ear Speaker|Speaker|Mic
VIVO Y32	Vivo	Mobile	Network|Wifi|Camera|Charging|BLE|Light|Buttons|Touch|Display|Ear Speaker|Speaker|Mic
VIVO Y33	Vivo	Mobile	Network|Wifi|Camera|Charging|BLE|Light|Buttons|Touch|Display|Ear Speaker|Speaker|Mic
VIVO Y33T	Vivo	Mobile	Network|Wifi|Camera|Charging|BLE|Light|Buttons|Touch|Display|Ear Speaker|Speaker|Mic
VIVO Y33S	Vivo	Mobile	Network|Wifi|Camera|Charging|BLE|Light|Buttons|Touch|Display|Ear Speaker|Speaker|Mic
VIVO Y33E	Vivo	Mobile	Network|Wifi|Camera|Charging|BLE|Light|Buttons|Touch|Display|Ear Speaker|Speaker|Mic
VIVO Y53S	Vivo	Mobile	Network|Wifi|Camera|Charging|BLE|Light|Buttons|Touch|Display|Ear Speaker|Speaker|Mic
VIVO Y55 5G	Vivo	Mobile	Network|Wifi|Camera|Charging|BLE|Light|Buttons|Touch|Display|Ear Speaker|Speaker|Mic
VIVO Y55S	Vivo	Mobile	Network|Wifi|Camera|Charging|BLE|Light|Buttons|Touch|Display|Ear Speaker|Speaker|Mic
VIVO Y50	Vivo	Mobile	Network|Wifi|Camera|Charging|BLE|Light|Buttons|Touch|Display|Ear Speaker|Speaker|Mic
VIVO Y51A	Vivo	Mobile	Network|Wifi|Camera|Charging|BLE|Light|Buttons|Touch|Display|Ear Speaker|Speaker|Mic
VIVO Y51	Vivo	Mobile	Network|Wifi|Camera|Charging|BLE|Light|Buttons|Touch|Display|Ear Speaker|Speaker|Mic
VIVO Y5S	Vivo	Mobile	Network|Wifi|Camera|Charging|BLE|Light|Buttons|Touch|Display|Ear Speaker|Speaker|Mic
VIVO Y7S	Vivo	Mobile	Network|Wifi|Camera|Charging|BLE|Light|Buttons|Touch|Display|Ear Speaker|Speaker|Mic
VIVO Y9S	Vivo	Mobile	Network|Wifi|Camera|Charging|BLE|Light|Buttons|Touch|Display|Ear Speaker|Speaker|Mic
VIVO Y11	Vivo	Mobile	Network|Wifi|Camera|Charging|BLE|Light|Buttons|Touch|Display|Ear Speaker|Speaker|Mic
VIVO Y11S	Vivo	Mobile	Network|Wifi|Camera|Charging|BLE|Light|Buttons|Touch|Display|Ear Speaker|Speaker|Mic
VIVO Y12	Vivo	Mobile	Network|Wifi|Camera|Charging|BLE|Light|Buttons|Touch|Display|Ear Speaker|Speaker|Mic
VIVO Y12i	Vivo	Mobile	Network|Wifi|Camera|Charging|BLE|Light|Buttons|Touch|Display|Ear Speaker|Speaker|Mic
VIVO U10	Vivo	Mobile	Network|Wifi|Camera|Charging|BLE|Light|Buttons|Touch|Display|Ear Speaker|Speaker|Mic
VIVO Y15	Vivo	Mobile	Network|Wifi|Camera|Charging|BLE|Light|Buttons|Touch|Display|Ear Speaker|Speaker|Mic
VIVO Y17	Vivo	Mobile	Network|Wifi|Camera|Charging|BLE|Light|Buttons|Touch|Display|Ear Speaker|Speaker|Mic
VIVO Y19	Vivo	Mobile	Network|Wifi|Camera|Charging|BLE|Light|Buttons|Touch|Display|Ear Speaker|Speaker|Mic
VIVO Y51S	Vivo	Mobile	Network|Wifi|Camera|Charging|BLE|Light|Buttons|Touch|Display|Ear Speaker|Speaker|Mic
VIVO Y15S	Vivo	Mobile	Network|Wifi|Camera|Charging|BLE|Light|Buttons|Touch|Display|Ear Speaker|Speaker|Mic
VIVO Y70	Vivo	Mobile	Network|Wifi|Camera|Charging|BLE|Light|Buttons|Touch|Display|Ear Speaker|Speaker|Mic
VIVO Y70S	Vivo	Mobile	Network|Wifi|Camera|Charging|BLE|Light|Buttons|Touch|Display|Ear Speaker|Speaker|Mic
VIVO Y72/5G	Vivo	Mobile	Network|Wifi|Camera|Charging|BLE|Light|Buttons|Touch|Display|Ear Speaker|Speaker|Mic
VIVO Y72T	Vivo	Mobile	Network|Wifi|Camera|Charging|BLE|Light|Buttons|Touch|Display|Ear Speaker|Speaker|Mic
VIVO Y73S	Vivo	Mobile	Network|Wifi|Camera|Charging|BLE|Light|Buttons|Touch|Display|Ear Speaker|Speaker|Mic
VIVO Y75 5G	Vivo	Mobile	Network|Wifi|Camera|Charging|BLE|Light|Buttons|Touch|Display|Ear Speaker|Speaker|Mic
VIVO Y81	Vivo	Mobile	Network|Wifi|Camera|Charging|BLE|Light|Buttons|Touch|Display|Ear Speaker|Speaker|Mic
VIVO Y81S	Vivo	Mobile	Network|Wifi|Camera|Charging|BLE|Light|Buttons|Touch|Display|Ear Speaker|Speaker|Mic
VIVO Y81I	Vivo	Mobile	Network|Wifi|Camera|Charging|BLE|Light|Buttons|Touch|Display|Ear Speaker|Speaker|Mic
VIVO Y91i	Vivo	Mobile	Network|Wifi|Camera|Charging|BLE|Light|Buttons|Touch|Display|Ear Speaker|Speaker|Mic
VIVO Y91	Vivo	Mobile	Network|Wifi|Camera|Charging|BLE|Light|Buttons|Touch|Display|Ear Speaker|Speaker|Mic
VIVO Y93	Vivo	Mobile	Network|Wifi|Camera|Charging|BLE|Light|Buttons|Touch|Display|Ear Speaker|Speaker|Mic
VIVO Y93S	Vivo	Mobile	Network|Wifi|Camera|Charging|BLE|Light|Buttons|Touch|Display|Ear Speaker|Speaker|Mic
VIVO Y90	Vivo	Mobile	Network|Wifi|Camera|Charging|BLE|Light|Buttons|Touch|Display|Ear Speaker|Speaker|Mic
VIVO Y91C	Vivo	Mobile	Network|Wifi|Camera|Charging|BLE|Light|Buttons|Touch|Display|Ear Speaker|Speaker|Mic
VIVO Y95	Vivo	Mobile	Network|Wifi|Camera|Charging|BLE|Light|Buttons|Touch|Display|Ear Speaker|Speaker|Mic
VIVO Y97	Vivo	Mobile	Network|Wifi|Camera|Charging|BLE|Light|Buttons|Touch|Display|Ear Speaker|Speaker|Mic
VIVO U1	Vivo	Mobile	Network|Wifi|Camera|Charging|BLE|Light|Buttons|Touch|Display|Ear Speaker|Speaker|Mic
VIVO U1X	Vivo	Mobile	Network|Wifi|Camera|Charging|BLE|Light|Buttons|Touch|Display|Ear Speaker|Speaker|Mic
VIVO U3	Vivo	Mobile	Network|Wifi|Camera|Charging|BLE|Light|Buttons|Touch|Display|Ear Speaker|Speaker|Mic
VIVO U3X	Vivo	Mobile	Network|Wifi|Camera|Charging|BLE|Light|Buttons|Touch|Display|Ear Speaker|Speaker|Mic
VIVO Z1	Vivo	Mobile	Network|Wifi|Camera|Charging|BLE|Light|Buttons|Touch|Display|Ear Speaker|Speaker|Mic
VIVO Z1I	Vivo	Mobile	Network|Wifi|Camera|Charging|BLE|Light|Buttons|Touch|Display|Ear Speaker|Speaker|Mic
VIVO Z1X	Vivo	Mobile	Network|Wifi|Camera|Charging|BLE|Light|Buttons|Touch|Display|Ear Speaker|Speaker|Mic
VIVO Z1 PRO	Vivo	Mobile	Network|Wifi|Camera|Charging|BLE|Light|Buttons|Touch|Display|Ear Speaker|Speaker|Mic
VIVO Z5	Vivo	Mobile	Network|Wifi|Camera|Charging|BLE|Light|Buttons|Touch|Display|Ear Speaker|Speaker|Mic
VIVO Z5I	Vivo	Mobile	Network|Wifi|Camera|Charging|BLE|Light|Buttons|Touch|Display|Ear Speaker|Speaker|Mic
VIVO Z3I	Vivo	Mobile	Network|Wifi|Camera|Charging|BLE|Light|Buttons|Touch|Display|Ear Speaker|Speaker|Mic
VIVO Z3X	Vivo	Mobile	Network|Wifi|Camera|Charging|BLE|Light|Buttons|Touch|Display|Ear Speaker|Speaker|Mic
VIVO Z5X	Vivo	Mobile	Network|Wifi|Camera|Charging|BLE|Light|Buttons|Touch|Display|Ear Speaker|Speaker|Mic
VIVO Z5X/2020	Vivo	Mobile	Network|Wifi|Camera|Charging|BLE|Light|Buttons|Touch|Display|Ear Speaker|Speaker|Mic
VIVO T1	Vivo	Mobile	Network|Wifi|Camera|Charging|BLE|Light|Buttons|Touch|Display|Ear Speaker|Speaker|Mic
VIVO T1 5G	Vivo	Mobile	Network|Wifi|Camera|Charging|BLE|Light|Buttons|Touch|Display|Ear Speaker|Speaker|Mic
VIVO T1X	Vivo	Mobile	Network|Wifi|Camera|Charging|BLE|Light|Buttons|Touch|Display|Ear Speaker|Speaker|Mic
VIVO Z6	Vivo	Mobile	Network|Wifi|Camera|Charging|BLE|Light|Buttons|Touch|Display|Ear Speaker|Speaker|Mic
VIVO IQOO Z6PRO	Vivo	Mobile	Network|Wifi|Camera|Charging|BLE|Light|Buttons|Touch|Display|Ear Speaker|Speaker|Mic
VIVO S5	Vivo	Mobile	Network|Wifi|Camera|Charging|BLE|Light|Buttons|Touch|Display|Ear Speaker|Speaker|Mic
VIVO S6	Vivo	Mobile	Network|Wifi|Camera|Charging|BLE|Light|Buttons|Touch|Display|Ear Speaker|Speaker|Mic
VIVO S7	Vivo	Mobile	Network|Wifi|Camera|Charging|BLE|Light|Buttons|Touch|Display|Ear Speaker|Speaker|Mic
VIVO S7E/5G	Vivo	Mobile	Network|Wifi|Camera|Charging|BLE|Light|Buttons|Touch|Display|Ear Speaker|Speaker|Mic
VIVO S7T 5G	Vivo	Mobile	Network|Wifi|Camera|Charging|BLE|Light|Buttons|Touch|Display|Ear Speaker|Speaker|Mic
VIVO S10	Vivo	Mobile	Network|Wifi|Camera|Charging|BLE|Light|Buttons|Touch|Display|Ear Speaker|Speaker|Mic
VIVO S10E	Vivo	Mobile	Network|Wifi|Camera|Charging|BLE|Light|Buttons|Touch|Display|Ear Speaker|Speaker|Mic
VIVO S10PRO	Vivo	Mobile	Network|Wifi|Camera|Charging|BLE|Light|Buttons|Touch|Display|Ear Speaker|Speaker|Mic
VIVO S15E	Vivo	Mobile	Network|Wifi|Camera|Charging|BLE|Light|Buttons|Touch|Display|Ear Speaker|Speaker|Mic
VIVO V9	Vivo	Mobile	Network|Wifi|Camera|Charging|BLE|Light|Buttons|Touch|Display|Ear Speaker|Speaker|Mic
VIVO V11 I	Vivo	Mobile	Network|Wifi|Camera|Charging|BLE|Light|Buttons|Touch|Display|Ear Speaker|Speaker|Mic
VIVO V15	Vivo	Mobile	Network|Wifi|Camera|Charging|BLE|Light|Buttons|Touch|Display|Ear Speaker|Speaker|Mic
VIVO V15PRO	Vivo	Mobile	Network|Wifi|Camera|Charging|BLE|Light|Buttons|Touch|Display|Ear Speaker|Speaker|Mic
VIVO V17	Vivo	Mobile	Network|Wifi|Camera|Charging|BLE|Light|Buttons|Touch|Display|Ear Speaker|Speaker|Mic
VIVO V17 PRO	Vivo	Mobile	Network|Wifi|Camera|Charging|BLE|Light|Buttons|Touch|Display|Ear Speaker|Speaker|Mic
VIVO V17NEO	Vivo	Mobile	Network|Wifi|Camera|Charging|BLE|Light|Buttons|Touch|Display|Ear Speaker|Speaker|Mic
VIVO V19	Vivo	Mobile	Network|Wifi|Camera|Charging|BLE|Light|Buttons|Touch|Display|Ear Speaker|Speaker|Mic
VIVO V19 NEO	Vivo	Mobile	Network|Wifi|Camera|Charging|BLE|Light|Buttons|Touch|Display|Ear Speaker|Speaker|Mic
VIVO V20	Vivo	Mobile	Network|Wifi|Camera|Charging|BLE|Light|Buttons|Touch|Display|Ear Speaker|Speaker|Mic
VIVO V20 SE	Vivo	Mobile	Network|Wifi|Camera|Charging|BLE|Light|Buttons|Touch|Display|Ear Speaker|Speaker|Mic
VIVO V20 PRO	Vivo	Mobile	Network|Wifi|Camera|Charging|BLE|Light|Buttons|Touch|Display|Ear Speaker|Speaker|Mic
VIVO V21(4G)	Vivo	Mobile	Network|Wifi|Camera|Charging|BLE|Light|Buttons|Touch|Display|Ear Speaker|Speaker|Mic
VIVO V21(5G)	Vivo	Mobile	Network|Wifi|Camera|Charging|BLE|Light|Buttons|Touch|Display|Ear Speaker|Speaker|Mic
VIVO V23	Vivo	Mobile	Network|Wifi|Camera|Charging|BLE|Light|Buttons|Touch|Display|Ear Speaker|Speaker|Mic
VIVO S1	Vivo	Mobile	Network|Wifi|Camera|Charging|BLE|Light|Buttons|Touch|Display|Ear Speaker|Speaker|Mic
VIVO S1PRO	Vivo	Mobile	Network|Wifi|Camera|Charging|BLE|Light|Buttons|Touch|Display|Ear Speaker|Speaker|Mic
VIVO S1PRIME	Vivo	Mobile	Network|Wifi|Camera|Charging|BLE|Light|Buttons|Touch|Display|Ear Speaker|Speaker|Mic
VIVO X21	Vivo	Mobile	Network|Wifi|Camera|Charging|BLE|Light|Buttons|Touch|Display|Ear Speaker|Speaker|Mic
VIVO X21i	Vivo	Mobile	Network|Wifi|Camera|Charging|BLE|Light|Buttons|Touch|Display|Ear Speaker|Speaker|Mic
VIVO X23	Vivo	Mobile	Network|Wifi|Camera|Charging|BLE|Light|Buttons|Touch|Display|Ear Speaker|Speaker|Mic
VIVO IQOO U3	Vivo	Mobile	Network|Wifi|Camera|Charging|BLE|Light|Buttons|Touch|Display|Ear Speaker|Speaker|Mic
VIVO IQOO 8	Vivo	Mobile	Network|Wifi|Camera|Charging|BLE|Light|Buttons|Touch|Display|Ear Speaker|Speaker|Mic
VIVO IQOO 9	Vivo	Mobile	Network|Wifi|Camera|Charging|BLE|Light|Buttons|Touch|Display|Ear Speaker|Speaker|Mic
VIVO IQOO Z6	Vivo	Mobile	Network|Wifi|Camera|Charging|BLE|Light|Buttons|Touch|Display|Ear Speaker|Speaker|Mic
VIVO IQOO Z6 PRO	Vivo	Mobile	Network|Wifi|Camera|Charging|BLE|Light|Buttons|Touch|Display|Ear Speaker|Speaker|Mic
VIVO IQOO U5X	Vivo	Mobile	Network|Wifi|Camera|Charging|BLE|Light|Buttons|Touch|Display|Ear Speaker|Speaker|Mic
VIVO IQOO Z5	Vivo	Mobile	Network|Wifi|Camera|Charging|BLE|Light|Buttons|Touch|Display|Ear Speaker|Speaker|Mic
VIVO IQOO NEO 5 SE	Vivo	Mobile	Network|Wifi|Camera|Charging|BLE|Light|Buttons|Touch|Display|Ear Speaker|Speaker|Mic
VIVO X50	Vivo	Mobile	Network|Wifi|Camera|Charging|BLE|Light|Buttons|Touch|Display|Ear Speaker|Speaker|Mic
VIVO X50 E	Vivo	Mobile	Network|Wifi|Camera|Charging|BLE|Light|Buttons|Touch|Display|Ear Speaker|Speaker|Mic
VIVO X50 LITE	Vivo	Mobile	Network|Wifi|Camera|Charging|BLE|Light|Buttons|Touch|Display|Ear Speaker|Speaker|Mic
VIVO X60	Vivo	Mobile	Network|Wifi|Camera|Charging|BLE|Light|Buttons|Touch|Display|Ear Speaker|Speaker|Mic
VIVO X60T	Vivo	Mobile	Network|Wifi|Camera|Charging|BLE|Light|Buttons|Touch|Display|Ear Speaker|Speaker|Mic
VIVO X70	Vivo	Mobile	Network|Wifi|Camera|Charging|BLE|Light|Buttons|Touch|Display|Ear Speaker|Speaker|Mic
Oneplus 9 	Oneplus	Mobile	Network|Wifi|Camera|Charging|BLE|Light|Buttons|Touch|Display|Ear Speaker|Speaker|Mic
Oneplus6	Oneplus	Mobile	Network|Wifi|Camera|Charging|BLE|Light|Buttons|Touch|Display|Ear Speaker|Speaker|Mic
Oneplus 6T	Oneplus	Mobile	Network|Wifi|Camera|Charging|BLE|Light|Buttons|Touch|Display|Ear Speaker|Speaker|Mic
Oneplus 7	Oneplus	Mobile	Network|Wifi|Camera|Charging|BLE|Light|Buttons|Touch|Display|Ear Speaker|Speaker|Mic
Oneplus 7T	Oneplus	Mobile	Network|Wifi|Camera|Charging|BLE|Light|Buttons|Touch|Display|Ear Speaker|Speaker|Mic
Oneplus 8T	Oneplus	Mobile	Network|Wifi|Camera|Charging|BLE|Light|Buttons|Touch|Display|Ear Speaker|Speaker|Mic
Oneplus 8T 5G	Oneplus	Mobile	Network|Wifi|Camera|Charging|BLE|Light|Buttons|Touch|Display|Ear Speaker|Speaker|Mic
Oneplus 9 R	Oneplus	Mobile	Network|Wifi|Camera|Charging|BLE|Light|Buttons|Touch|Display|Ear Speaker|Speaker|Mic
Oneplus NORD N10	Oneplus	Mobile	Network|Wifi|Camera|Charging|BLE|Light|Buttons|Touch|Display|Ear Speaker|Speaker|Mic
Oneplus NORD N100	Oneplus	Mobile	Network|Wifi|Camera|Charging|BLE|Light|Buttons|Touch|Display|Ear Speaker|Speaker|Mic
Oneplus 10R	Oneplus	Mobile	Network|Wifi|Camera|Charging|BLE|Light|Buttons|Touch|Display|Ear Speaker|Speaker|Mic
Oneplus  ACE	Oneplus	Mobile	Network|Wifi|Camera|Charging|BLE|Light|Buttons|Touch|Display|Ear Speaker|Speaker|Mic
Oneplus NORE N20 5G	Oneplus	Mobile	Network|Wifi|Camera|Charging|BLE|Light|Buttons|Touch|Display|Ear Speaker|Speaker|Mic
Oneplus NORE CE2 5G	Oneplus	Mobile	Network|Wifi|Camera|Charging|BLE|Light|Buttons|Touch|Display|Ear Speaker|Speaker|Mic
Oneplus NORE CE2 LITE	Oneplus	Mobile	Network|Wifi|Camera|Charging|BLE|Light|Buttons|Touch|Display|Ear Speaker|Speaker|Mic
MOTO G10	Motorola	Mobile	Network|Wifi|Camera|Charging|BLE|Light|Buttons|Touch|Display|Ear Speaker|Speaker|Mic
MOTO G30	Motorola	Mobile	Network|Wifi|Camera|Charging|BLE|Light|Buttons|Touch|Display|Ear Speaker|Speaker|Mic
MOTO G50	Motorola	Mobile	Network|Wifi|Camera|Charging|BLE|Light|Buttons|Touch|Display|Ear Speaker|Speaker|Mic
MOTO G50 5G	Motorola	Mobile	Network|Wifi|Camera|Charging|BLE|Light|Buttons|Touch|Display|Ear Speaker|Speaker|Mic
MOTO G10 POWER	Motorola	Mobile	Network|Wifi|Camera|Charging|BLE|Light|Buttons|Touch|Display|Ear Speaker|Speaker|Mic
MOTO E20	Motorola	Mobile	Network|Wifi|Camera|Charging|BLE|Light|Buttons|Touch|Display|Ear Speaker|Speaker|Mic
MOTO E30	Motorola	Mobile	Network|Wifi|Camera|Charging|BLE|Light|Buttons|Touch|Display|Ear Speaker|Speaker|Mic
MOTO E40	Motorola	Mobile	Network|Wifi|Camera|Charging|BLE|Light|Buttons|Touch|Display|Ear Speaker|Speaker|Mic
MOTO E32 	Motorola	Mobile	Network|Wifi|Camera|Charging|BLE|Light|Buttons|Touch|Display|Ear Speaker|Speaker|Mic
MOTO E32S	Motorola	Mobile	Network|Wifi|Camera|Charging|BLE|Light|Buttons|Touch|Display|Ear Speaker|Speaker|Mic
MOTO G22	Motorola	Mobile	Network|Wifi|Camera|Charging|BLE|Light|Buttons|Touch|Display|Ear Speaker|Speaker|Mic
MOTO G31	Motorola	Mobile	Network|Wifi|Camera|Charging|BLE|Light|Buttons|Touch|Display|Ear Speaker|Speaker|Mic
MOTO G41	Motorola	Mobile	Network|Wifi|Camera|Charging|BLE|Light|Buttons|Touch|Display|Ear Speaker|Speaker|Mic
MOTO G42	Motorola	Mobile	Network|Wifi|Camera|Charging|BLE|Light|Buttons|Touch|Display|Ear Speaker|Speaker|Mic
MOTO G51	Motorola	Mobile	Network|Wifi|Camera|Charging|BLE|Light|Buttons|Touch|Display|Ear Speaker|Speaker|Mic
MOTO G52	Motorola	Mobile	Network|Wifi|Camera|Charging|BLE|Light|Buttons|Touch|Display|Ear Speaker|Speaker|Mic
MOTO G71S	Motorola	Mobile	Network|Wifi|Camera|Charging|BLE|Light|Buttons|Touch|Display|Ear Speaker|Speaker|Mic
MOTO G71	Motorola	Mobile	Network|Wifi|Camera|Charging|BLE|Light|Buttons|Touch|Display|Ear Speaker|Speaker|Mic
MOTO G82	Motorola	Mobile	Network|Wifi|Camera|Charging|BLE|Light|Buttons|Touch|Display|Ear Speaker|Speaker|Mic
MOTO G9	Motorola	Mobile	Network|Wifi|Camera|Charging|BLE|Light|Buttons|Touch|Display|Ear Speaker|Speaker|Mic
MOTO G9 PLAY	Motorola	Mobile	Network|Wifi|Camera|Charging|BLE|Light|Buttons|Touch|Display|Ear Speaker|Speaker|Mic
MOTO G9 PLUS	Motorola	Mobile	Network|Wifi|Camera|Charging|BLE|Light|Buttons|Touch|Display|Ear Speaker|Speaker|Mic
MOTO G9 POWER	Motorola	Mobile	Network|Wifi|Camera|Charging|BLE|Light|Buttons|Touch|Display|Ear Speaker|Speaker|Mic
MOTO G PLAY	Motorola	Mobile	Network|Wifi|Camera|Charging|BLE|Light|Buttons|Touch|Display|Ear Speaker|Speaker|Mic
MOTO E7	Motorola	Mobile	Network|Wifi|Camera|Charging|BLE|Light|Buttons|Touch|Display|Ear Speaker|Speaker|Mic
MOTO E7 PLUS	Motorola	Mobile	Network|Wifi|Camera|Charging|BLE|Light|Buttons|Touch|Display|Ear Speaker|Speaker|Mic
MOTO E7 POWER	Motorola	Mobile	Network|Wifi|Camera|Charging|BLE|Light|Buttons|Touch|Display|Ear Speaker|Speaker|Mic
MOTO EDGE 20	Motorola	Mobile	Network|Wifi|Camera|Charging|BLE|Light|Buttons|Touch|Display|Ear Speaker|Speaker|Mic
MOTO 20 PRO	Motorola	Mobile	Network|Wifi|Camera|Charging|BLE|Light|Buttons|Touch|Display|Ear Speaker|Speaker|Mic
MOTO 20 LITE	Motorola	Mobile	Network|Wifi|Camera|Charging|BLE|Light|Buttons|Touch|Display|Ear Speaker|Speaker|Mic
MOTO 30	Motorola	Mobile	Network|Wifi|Camera|Charging|BLE|Light|Buttons|Touch|Display|Ear Speaker|Speaker|Mic
MOTO EDGE 30 PRO	Motorola	Mobile	Network|Wifi|Camera|Charging|BLE|Light|Buttons|Touch|Display|Ear Speaker|Speaker|Mic
MOTO EDGE + 2022	Motorola	Mobile	Network|Wifi|Camera|Charging|BLE|Light|Buttons|Touch|Display|Ear Speaker|Speaker|Mic
MOTO G 2022	Motorola	Mobile	Network|Wifi|Camera|Charging|BLE|Light|Buttons|Touch|Display|Ear Speaker|Speaker|Mic
